case_id,adapter,measured_runs,correct_successes,failed_runs,expected_object_bytes,seconds_median,seconds_q1,seconds_q3,seconds_min,seconds_max,seconds_n,throughput_mib_s_median,throughput_mib_s_q1,throughput_mib_s_q3,throughput_mib_s_min,throughput_mib_s_max,throughput_mib_s_n,heap_mib_median,heap_mib_q1,heap_mib_q3,heap_mib_min,heap_mib_max,heap_mib_n,committed_heap_mib_median,committed_heap_mib_q1,committed_heap_mib_q3,committed_heap_mib_min,committed_heap_mib_max,committed_heap_mib_n,rss_mib_median,rss_mib_q1,rss_mib_q3,rss_mib_min,rss_mib_max,rss_mib_n,producer_allocation_mib_median,producer_allocation_mib_q1,producer_allocation_mib_q3,producer_allocation_mib_min,producer_allocation_mib_max,producer_allocation_mib_n,cpu_seconds_median,cpu_seconds_q1,cpu_seconds_q3,cpu_seconds_min,cpu_seconds_max,cpu_seconds_n,gc_count_median,gc_count_q1,gc_count_q3,gc_count_min,gc_count_max,gc_count_n,gc_collection_millis_median,gc_collection_millis_q1,gc_collection_millis_q3,gc_collection_millis_min,gc_collection_millis_max,gc_collection_millis_n,first_request_ms_median,first_request_ms_q1,first_request_ms_q3,first_request_ms_min,first_request_ms_max,first_request_ms_n,first_payload_ms_median,first_payload_ms_q1,first_payload_ms_q3,first_payload_ms_min,first_payload_ms_max,first_payload_ms_n,temporary_payload_file_bytes_median,temporary_payload_file_bytes_q1,temporary_payload_file_bytes_q3,temporary_payload_file_bytes_min,temporary_payload_file_bytes_max,temporary_payload_file_bytes_n,sink_retained_buffer_bytes_after_terminal_median,sink_retained_buffer_bytes_after_terminal_q1,sink_retained_buffer_bytes_after_terminal_q3,sink_retained_buffer_bytes_after_terminal_min,sink_retained_buffer_bytes_after_terminal_max,sink_retained_buffer_bytes_after_terminal_n,sink_retained_receipts_after_terminal_median,sink_retained_receipts_after_terminal_q1,sink_retained_receipts_after_terminal_q3,sink_retained_receipts_after_terminal_min,sink_retained_receipts_after_terminal_max,sink_retained_receipts_after_terminal_n,requests_put_median,requests_create_median,requests_part_median,requests_complete_median,requests_abort_median
128m-known,aws-async,5,5,0,134217728,0.3438905,0.334621083,0.383765625,0.328874125,0.481393667,5,372.21150337098584,333.5369081063475,382.5222214106575,265.894648755319,389.2066607550837,5,86.7808837890625,86.75962829589844,87.83773803710938,85.7524642944336,87.85111999511719,5,128.0,128.0,128.0,128.0,128.0,5,214.328125,213.21875,214.9375,209.984375,216.234375,5,131.25091552734375,131.16514587402344,131.2850341796875,131.15238189697266,131.3666229248047,5,0.464821,0.372607,0.637907,0.364902,0.681056,5,1,1.0,1.0,1,1,5,0,0.0,1.0,0,1,5,0.83325,0.797041,0.948041,0.690417,0.9495,5,3.309959,3.205166,3.51825,2.820042,3.556291,5,0,0.0,0.0,0,0,5,,,,,,0,,,,,,0,0,1,26,1,0
128m-known,ci-cmg,5,5,0,134217728,0.54979925,0.54629875,0.624420791,0.530422208,0.624662125,5,232.8122491982301,204.9899712580198,234.30403236324446,204.9107747648379,241.31719613067185,5,60.67778015136719,60.657379150390625,60.678955078125,60.543800354003906,60.688751220703125,5,128.0,128.0,128.0,128.0,128.0,5,149.875,142.96875,158.078125,141.59375,200.046875,5,130.44103240966797,130.44103240966797,130.44107055664062,130.4409942626953,130.4420928955078,5,0.426652,0.40147,0.432676,0.378211,0.445796,5,10,9.0,10.0,8,10,5,4,3.0,4.0,3,4,5,0.726208,0.7195,0.824458,0.717459,0.844916,5,12.751958,12.2815,12.94825,12.26775,13.008708,5,0,0.0,0.0,0,0,5,,,,,,0,,,,,,0,0,1,26,1,0
128m-known,improved,5,5,0,134217728,0.646816917,0.646752417,0.686479917,0.623068083,0.699021667,5,197.89216490143224,186.4584772696271,197.9119004977758,183.11306507756646,205.43501343175043,5,21.585006713867188,21.57707977294922,21.589637756347656,21.544715881347656,21.595352172851562,5,128.0,128.0,128.0,128.0,128.0,5,133.515625,132.171875,183.515625,122.953125,184.4375,5,8.64349365234375,8.641944885253906,8.648948669433594,8.636436462402344,8.653434753417969,5,0.374015,0.368326,0.395012,0.35411,0.395154,5,0,0.0,0.0,0,0,5,0,0.0,0.0,0,0,5,7.6355,7.465167,7.929334,7.258625,8.1215,5,12.087417,11.920459,12.209167,11.521125,12.989542,5,0,0.0,0.0,0,0,5,0,0.0,0.0,0,0,5,0,0.0,0.0,0,0,5,0,1,26,1,0
128m-known,original-939f2bd,5,5,0,134217728,0.686454208,0.668351833,0.693155667,0.667144209,0.730633084,5,186.46546048997342,184.66270434459278,191.51589579017434,175.1905338028739,191.86256625364786,5,54.791595458984375,54.77031707763672,54.80259704589844,54.74794006347656,54.809478759765625,5,128.0,128.0,128.0,128.0,128.0,5,171.0,169.421875,195.71875,159.546875,196.734375,5,139.6478729248047,139.64305877685547,139.6487274169922,139.6378936767578,139.65433502197266,5,0.389213,0.386262,0.412076,0.372315,0.421807,5,4,4.0,4.0,4,4,5,1,1.0,2.0,1,2,5,7.527625,7.353208,7.64575,6.811708,7.984708,5,12.269125,12.013,12.304459,11.493666,12.63725,5,0,0.0,0.0,0,0,5,0,0.0,0.0,0,0,5,26,26.0,26.0,26,26,5,0,1,26,1,0
128m-known,temp-file,5,5,0,134217728,1.298054166,1.214160667,1.329085,1.212578375,1.34106025,5,98.6091361614258,96.30685772542763,105.42262113980999,95.4468675065121,105.56018698585153,5,12.493621826171875,12.490814208984375,12.495674133300781,12.488670349121094,12.4979248046875,5,128.0,128.0,128.0,128.0,128.0,5,157.953125,113.390625,174.25,113.140625,174.46875,5,1.0035629272460938,1.0034332275390625,1.00360107421875,1.0033950805664062,1.0042800903320312,5,1.012858,1.009746,1.01699,0.988387,1.060029,5,0,0.0,0.0,0,0,5,0,0.0,0.0,0,0,5,922.53625,898.059334,938.678541,895.858334,941.689708,5,922.53625,898.059334,938.678541,895.858334,941.689708,5,134217728,134217728.0,134217728.0,134217728,134217728,5,,,,,,0,,,,,,0,1,0,0,0,0
128m-known,whole-buffer,5,5,0,134217728,0.485140166,0.472132708,0.486641417,0.46389225,0.513415917,5,263.84127510068913,263.0273452454623,271.11021505419615,249.31054095075902,275.92614448721656,5,140.31139373779297,140.31130981445312,140.3136444091797,140.3099365234375,140.3434829711914,5,256.0,256.0,256.0,256.0,257.0,5,303.359375,303.125,303.4375,285.9375,303.765625,5,128.18658447265625,128.18658447265625,128.1873016357422,128.18658447265625,128.40953826904297,5,0.273334,0.263507,0.276407,0.250479,0.312919,5,1,1.0,1.0,1,1,5,0,0.0,0.0,0,1,5,205.415416,197.645041,207.445708,194.634917,219.329042,5,205.415416,197.645041,207.445708,194.634917,219.329042,5,0,0.0,0.0,0,0,5,,,,,,0,,,,,,0,1,0,0,0,0
128m-unknown,aws-async,5,5,0,134217728,0.348155084,0.339938417,0.368940792,0.336230709,0.657437584,5,367.6522500530252,346.93913705264663,376.5387893772536,194.69528836672046,380.690985605363,5,89.88441467285156,89.26300811767578,91.28107452392578,87.55271911621094,165.05200958251953,5,128.0,128.0,128.0,128.0,224.0,5,287.03125,285.703125,289.453125,284.328125,346.40625,5,243.84664916992188,243.73876190185547,248.8184051513672,243.73785400390625,249.01065063476562,5,0.496977,0.467179,0.497397,0.371681,0.569234,5,5,4.0,6.0,4,16,5,3,2.0,4.0,2,12,5,14.207333,14.001167,16.172625,13.154417,16.665542,5,18.842583,18.680834,21.329875,17.9285,22.090875,5,0,0.0,0.0,0,0,5,,,,,,0,,,,,,0,0,1,26,1,0
128m-unknown,ci-cmg,5,5,0,134217728,0.5240055,0.501478542,0.541907333,0.47227525,0.55437175,5,244.27224523406719,236.20274575616415,255.2452184484496,230.89199621012432,271.0283886356526,5,60.74034881591797,60.72406005859375,60.747802734375,60.62187957763672,60.76038360595703,5,128.0,128.0,128.0,128.0,128.0,5,225.546875,223.515625,226.140625,222.171875,226.453125,5,130.44086456298828,130.4408416748047,130.44097900390625,130.4407196044922,130.44203186035156,5,0.404382,0.395036,0.406612,0.345968,0.409395,5,9,8.0,10.0,8,11,5,3,3.0,3.0,2,4,5,0.643375,0.610667,0.7325,0.543958,0.881917,5,11.355667,11.346583,11.475292,11.26475,12.000125,5,0,0.0,0.0,0,0,5,,,,,,0,,,,,,0,0,1,26,1,0
128m-unknown,improved,5,5,0,134217728,0.618171792,0.604429333,0.622518666,0.595137959,0.685492167,5,207.06218183439853,205.61632444287218,211.7700002491441,186.72715190923543,215.07618202521678,5,21.5968017578125,21.586593627929688,21.603958129882812,21.55286407470703,21.610008239746094,5,128.0,128.0,128.0,128.0,128.0,5,186.875,186.421875,188.5,183.546875,189.046875,5,8.6474609375,8.643913269042969,8.649513244628906,8.642723083496094,8.649757385253906,5,0.330832,0.303855,0.360248,0.301851,0.395692,5,0,0.0,0.0,0,0,5,0,0.0,0.0,0,0,5,7.102209,7.056375,7.197375,7.013333,7.31425,5,10.787042,10.762166,10.829875,10.636,11.2765,5,0,0.0,0.0,0,0,5,0,0.0,0.0,0,0,5,0,0.0,0.0,0,0,5,0,1,26,1,0
128m-unknown,original-939f2bd,5,5,0,134217728,0.675308167,0.63689725,0.686651875,0.607644333,0.805706084,5,189.543094923062,186.41178253536407,200.9743329869928,158.8668654015029,210.64954126709515,5,54.73847961425781,54.730384826660156,54.74669647216797,54.69860076904297,54.74725341796875,5,128.0,128.0,128.0,128.0,128.0,5,220.03125,219.5625,220.53125,218.90625,221.25,5,139.64222717285156,139.63796997070312,139.64727020263672,139.636474609375,139.64852905273438,5,0.400433,0.390239,0.416794,0.343692,0.459949,5,4,4.0,4.0,4,4,5,1,1.0,2.0,1,2,5,7.423166,7.302375,8.260459,7.2675,8.265292,5,11.617,11.615458,12.904875,11.56775,13.729667,5,0,0.0,0.0,0,0,5,0,0.0,0.0,0,0,5,26,26.0,26.0,26,26,5,0,1,26,1,0
128m-unknown,temp-file,5,5,0,134217728,1.100459458,1.080982625,1.101569916,1.067679417,1.1226625,5,116.31505283495869,116.19779928703136,118.41078389210927,114.01467493569974,119.88617366030951,5,12.395561218261719,12.392723083496094,12.397613525390625,12.390579223632812,12.399864196777344,5,128.0,128.0,128.0,128.0,128.0,5,174.6875,174.546875,174.765625,174.3125,174.921875,5,1.0035629272460938,1.0035629272460938,1.00360107421875,1.0034332275390625,1.0043716430664062,5,0.891215,0.888479,0.893439,0.888401,0.893768,5,0,0.0,0.0,0,0,5,0,0.0,0.0,0,0,5,805.941291,795.865708,809.246708,790.051458,814.645,5,805.941291,795.865708,809.246708,790.051458,814.645,5,134217728,134217728.0,134217728.0,134217728,134217728,5,,,,,,0,,,,,,0,1,0,0,0,0
128m-unknown,whole-buffer,5,5,0,134217728,0.453088917,0.441913292,0.460157584,0.439782583,0.476352792,5,282.5052549232847,278.16557729492945,289.64958130293127,268.70840719245746,291.05290875059507,5,205.34898376464844,205.3461456298828,205.351318359375,205.34392547607422,205.3530044555664,5,321.0,321.0,321.0,321.0,321.0,5,442.625,442.421875,442.859375,441.640625,442.984375,5,256.12425994873047,256.12425994873047,256.12500762939453,256.12425994873047,256.3361587524414,5,0.267103,0.261758,0.271224,0.25597,0.28177,5,3,3.0,3.0,3,3,5,1,1.0,1.0,1,1,5,197.894625,195.920458,204.460792,194.091708,205.948709,5,197.894625,195.920458,204.460792,194.091708,205.948709,5,0,0.0,0.0,0,0,5,,,,,,0,,,,,,0,1,0,0,0,0
32m-unknown,aws-async,5,5,0,33554432,0.109789042,0.104992458,0.110059459,0.100231041,0.112195584,5,291.46806837061206,290.7519289187129,304.783796946634,285.2162167095632,319.2623730207491,5,80.87443542480469,78.73565673828125,81.7932357788086,73.6717300415039,81.85260772705078,5,128.0,128.0,128.0,128.0,165.0,5,275.578125,274.75,278.5625,272.734375,279.4375,5,54.854736328125,49.84075927734375,54.93079376220703,49.74455261230469,54.93229675292969,5,0.181313,0.15259,0.18227,0.147899,0.193002,5,0,0.0,1.0,0,1,5,0,0.0,1.0,0,1,5,19.463,17.943792,19.982417,17.17125,21.0215,5,24.34725,23.843334,25.537875,23.027291,27.339917,5,0,0.0,0.0,0,0,5,,,,,,0,,,,,,0,0,1,7,1,0
32m-unknown,ci-cmg,5,5,0,33554432,0.142342958,0.137147834,0.150378666,0.132820791,0.152949459,5,224.80915424000113,212.79614224001696,233.32486607116232,209.21943895205277,240.9261363305689,5,60.46839141845703,59.66283416748047,60.48480987548828,59.63024139404297,60.51686096191406,5,128.0,128.0,128.0,128.0,144.0,5,207.71875,207.546875,207.96875,189.5,208.375,5,35.4073486328125,35.40437316894531,35.412811279296875,35.40425109863281,35.417869567871094,5,0.113205,0.109829,0.11357,0.108197,0.115928,5,1,1.0,2.0,1,2,5,1,0.0,1.0,0,1,5,0.828,0.728333,0.886417,0.711834,0.912042,5,12.499666,12.478584,12.897208,12.11725,13.089292,5,0,0.0,0.0,0,0,5,,,,,,0,,,,,,0,0,1,7,1,0
32m-unknown,improved,5,5,0,33554432,0.154730917,0.153021666,0.158028125,0.151006916,0.166304916,5,206.81064017736028,202.49560007118987,209.1207136641683,192.4176432643759,211.9108240049085,5,19.464767456054688,18.448410034179688,19.481651306152344,18.43255615234375,19.497756958007812,5,128.0,128.0,128.0,128.0,128.0,5,179.984375,179.8125,180.484375,179.671875,181.796875,5,6.28118896484375,6.2688140869140625,6.3094482421875,6.2657470703125,6.335090637207031,5,0.096774,0.095194,0.107494,0.094686,0.110492,5,0,0.0,0.0,0,0,5,0,0.0,0.0,0,0,5,7.848125,7.404166,8.051208,7.173083,8.7585,5,11.798125,11.525375,12.005333,11.175416,13.700708,5,0,0.0,0.0,0,0,5,0,0.0,0.0,0,0,5,0,0.0,0.0,0,0,5,0,1,7,1,0
32m-unknown,original-939f2bd,5,5,0,33554432,0.165173334,0.158228708,0.17138125,0.156562916,0.175444708,5,193.73587264394627,186.71820867218554,202.23890092055862,182.39364620789814,204.39067448130567,5,54.51969909667969,54.487510681152344,55.47032165527344,54.454551696777344,57.50352478027344,5,128.0,128.0,128.0,128.0,150.0,5,220.09375,219.5,220.65625,219.359375,221.84375,5,40.281654357910156,40.26647186279297,40.31275177001953,40.26622772216797,40.33551025390625,5,0.109745,0.101827,0.111148,0.101003,0.115227,5,1,1.0,1.0,1,1,5,0,0.0,0.0,0,1,5,7.234083,7.185125,7.578834,7.084375,8.475916,5,11.481416,11.457958,11.855667,11.163167,13.219125,5,0,0.0,0.0,0,0,5,0,0.0,0.0,0,0,5,7,7.0,7.0,7,7,5,0,1,7,1,0
32m-unknown,temp-file,5,5,0,33554432,0.3209045,0.295423167,0.326342542,0.295333375,0.341997208,5,99.71814044365225,98.05647711109634,108.31919623960974,93.56801532718946,108.35212918282602,5,11.427536010742188,11.425247192382812,11.429588317871094,11.421905517578125,11.431976318359375,5,128.0,128.0,128.0,128.0,128.0,5,173.03125,172.9375,173.09375,172.71875,173.1875,5,0.44022369384765625,0.44012451171875,0.44097900390625,0.44008636474609375,0.44112396240234375,5,0.26413,0.252985,0.266457,0.248954,0.319382,5,0,0.0,0.0,0,0,5,0,0.0,0.0,0,0,5,237.499917,218.684083,242.616542,217.400625,244.160834,5,237.499917,218.684083,242.616542,217.400625,244.160834,5,33554432,33554432.0,33554432.0,33554432,33554432,5,,,,,,0,,,,,,0,1,0,0,0,0
32m-unknown,whole-buffer,5,5,0,33554432,0.137378583,0.131366375,0.137466,0.127695291,0.139317875,5,232.93296015434953,232.78483406806046,243.59353753957205,229.69055478344038,250.59655488783844,5,61.32665252685547,61.32426452636719,61.33125305175781,61.32221221923828,61.373046875,5,128.0,128.0,128.0,128.0,128.0,5,243.203125,243.171875,243.28125,242.859375,243.40625,5,64.12421417236328,64.12418365478516,64.12421417236328,64.12418365478516,64.12438201904297,5,0.081055,0.080079,0.082051,0.077548,0.084751,5,1,1.0,1.0,1,1,5,0,0.0,1.0,0,1,5,56.344333,54.809708,56.601791,52.9805,57.413625,5,56.344333,54.809708,56.601791,52.9805,57.413625,5,0,0.0,0.0,0,0,5,,,,,,0,,,,,,0,1,0,0,0,0
